{"cameraMode":{"drawMode":0,"name":"Shaded","section":"Shading Mode"},"sceneLighting":true,"audioPlay":false,"sceneViewState":{"showFog":true,"showMaterialUpdate":false,"showSkybox":true,"showFlares":true,"showImageEffects":true,"showParticleSystems":true},"in2DMode":false,"pivot":{"x":16.381454467773439,"y":0.6091944575309753,"z":-8.565799713134766},"rotation":{"x":0.0282059945166111,"y":0.7168338298797607,"z":0.029047906398773195,"w":-0.696071445941925},"size":0.4726194143295288,"orthographic":false}