{"cameraMode":{"drawMode":0,"name":"Shaded","section":"Shading Mode"},"sceneLighting":true,"audioPlay":false,"sceneViewState":{"showFog":true,"showMaterialUpdate":true,"showSkybox":true,"showFlares":true,"showImageEffects":true,"showParticleSystems":true},"in2DMode":false,"pivot":{"x":13.662532806396485,"y":0.20297542214393617,"z":1.3151657581329346},"rotation":{"x":-0.009012137539684773,"y":0.9585277438163757,"z":-0.28332236409187319,"w":-0.030582629144191743},"size":0.5291134119033814,"orthographic":false}